Aashish Khan|Ashish Khan
Abdou M'Boup|Abdou Mboup
Adolfo "Chino" Valdes|Chino Valdes
Al DeRisi|Al Derisi
Al-Hammel Rasul|Al Hammel Rasul
Alan Chip White|Chip White
Alain Jean-Marie|Alain Jean Marie
Alfred "Chippy" Outcalt|Chippy Outcalt
Alfred "Pee Wee" Ellis|Pee Wee Ellis
Albert "Tootie" Heath|Albert 'Tootie' Heath|Albert Heath|Albert Tootie Heath|Al Heath
Art Pepper|Art Pepper as Art Salt|Art Salt
Baptiste "Mac-Kac" Reilles|Baptiste 'Mac-Kac' Reilles|Baptiste " Mac-Kac" Reilles
Bernard "Pretty" Purdy|Bernard 'Pretty' Purdy|Bernard Pretty Purdy
Big Chief Russell Moore|"Big Chief" Russell Moore|Russel Moore
Black Thought|Black Thought Of "The Roots"
Brother Jack McDuff|Jack McDuff
Carroll "Cappy" Lewis|Cappy Lewis
Charles "Chuck" Norris|Chuck Norris
Charles "Chuck" Rainey|Chuck Rainey
Charles "Poogie" Bell|Poogie Bell
Cindy Blackman|Cindy Blackman-Santana|Cindy Blackman Santana
Chico Hamilton|Forrest "Chico" Hamilton
Clifton "Skeeter" Best|Skeeter Best
Clyde "Stumpy" Brown|Clyde Brown
Sleepy Anderson|Clarence "Sleepy" Anderson
Sonny Henry|Clarence "Sonny" Henry
Darryl "Munyungo" Jackson|Darryl 'Munyungo' Jackson|Darryl Munyungo Jackson
Deborah "Punkin" Shotlow|Deborah 'Punkin' Shotlow|Deborah "Punkin'" Shotlow|Deborah Shotlow
Don Cherry|Don Cherry-Msafari
Duke Ellington|Richard "Duke" Ellington
Eddie Lockjaw Davis|Eddie "Lockjaw" Davis
Edward "Bass" Robinson|Bass Robinson
Lady Eke Ete Jackie Lewis|Eka-Ete Jackie Lewis|Eka-Ete
Errol "Crusher" Bennett|Errol 'Crusher' Bennett
Felix "Cuchara" Saluzzi|Felix 'Cuchara' Saluzzi|Felix Saluzzi
Fip Ricard|Fortunatus Fip Ricard
Floyd Horsecollar Williams|Floyd "Horsecollar" Williams
Helge Andreas Norbakken|Helge-Andreas Norbakken|Helge Norbakken
Herman Stevens|Prof. Herman Stevens
Boogaloo Joe Jones|Ivan "Boogaloo Joe" Jones|Ivan 'Boogaloo Joe' Jones|Ivan Boogaloo Joe Jones
Jali Foday Musa Suso|Foday Musa Suso
J. Walter Hawkes|J Walter Hawkes
James Blood Ulmer|James "Blood" Ulmer|James 'Blood' Ulmer
Jean-Francois Jenny-Clark|Jean-Francois Jenny Clark
Jean-Louis Viale|Jean Louis Viale
Jean-Marc Larche|Jean Marc Larche
Jean-Paul Bourelly|Jean Paul Bourelly
Jeff "Tain" Watts|Jeff 'Tain' Watts|Jeff Tain Watts
Jesse "Rip" Tarrant|Rip Tarrant
Joe Strasser|Joe strasser
Joe DeRise|Joe Derise
John "Bucky" Pizzarelli|Bucky Pizzarelli
John "Peck" Morrison|Peck Morrison
John D'Earth|John Dearth
Johnny "Guitar" Watson|Johnny 'Guitar' Watson|Johnny Guitar Watson
Reuben "June" Cole|June Cole
Cannonball Adderley|Julian "Cannonball" Adderley|Julian Cannonball Adderley
Julia Waters|Julia Waters Tillman
Judith Insell|Judith Insell-Stack
Kako|"Kako"
Kansas Fields|"Kansas" Fields|Carl Donnell "Kansas" Fields|Carl "Kansas" Fields|Carl Fields|K. Fields
Kenny "Keno" Speller|Keno Speller
Keb Mo|Keb' Mo'
Kenny "Pancho" Hagood|Kenny 'Pancho' Hagood|Kenny Pancho Hagood|Kenny Hagood
LaVern Baker|Lavern Baker
Leandro "Gato" Barbieri|Leandro 'Gato' Barbieri
Leon Ndugu Chancler|Leon "Ndugu" Chancler|Leon 'Ndugu' Chancler
Leroy Harris|LeRoy Harris
Little Jimmy Scott|"Little" Jimmy Scott|'Little' Jimmy Scott|Jimmy Scott
Ludwig Joe Jordan|Ludwig "Joe" Jordan|"Ludwig" Joe Jordan
Louis "Chick" Kenny|Chick Kenny
Malachi Favors|Malachi Favors Maghostus|Malachi Favors Maghostut
Marvin "Hannibal" Peterson|Hannibal Peterson
Marvin "Smitty" Smith|Marvin 'Smitty' Smith|Marvin Smitty Smith
Maxine Waters|Maxine Waters Willard
Meade "Lux" Lewis|Meade Lux Lewis
Me'Shell NdegeOcello|Meshell Ndegeocello
Ziggy Vines|Mel "Ziggy" Vines
Red Solomon|Melvin "Red" Solomon
Mguanda Dave Johnson|Dave Johnson|Mguanda David Johnson|Mguanda
Michel LeGrand|Michel Legrand
Tiny Webb|Mitchell "Tiny" Webb
Miguel "Anga" Diaz Zayas|Miguel "Anga" Diaz
Mike DeLay|Mike Delay
Michael Babatunde Olatunji|Babatunde Olatunji|Mike Olatunji|Olatunji
Mitsuhiko Matsumoto|Matsumoto
Mongo Santamaria|Ray "Mongo" Santamaria|Ray Santamaria|Ramon "Mongo" Santamaria|Ramon Santamaria|Santamaria
Tiny Kahn|Norman "Tiny" Kahn
Nicholas "Cuco" Martinez|Cuco Martinez
Norris Sirone Jones|Norris "Sirone" Jones|Sirone Jones|Sirone
Numa "Pee Wee" Moore|Pee Wee Moore
Nwalinu Odean Pope|Odean Pope
Onaje Allan Gumbs|"Onaje" Allan Gumbs|Allan Gumbs
Onaje Sherman Ferguson|Sherman Ferguson
Oran "Hot Lips" Page|Hot Lips Page
Oscar Castro-Neves|Oscar Castro Neves
Island Ostlund|Petur "Island" Ostlund
Philly Joe Jones|'Philly' Joe Jones
Phineas Newborn|Phineas Newborn Jr.|Phineas Newborn Jr
Pony Poindexter|"Pony" Poindexter
Pretty Purdie|"Pretty" Purdie
Ralph Peterson Jr.|Ralph Peterson Jr
Freddie Washington|"Ready" Freddie Washington
Richie "Pablo" Landrum|Richie 'Pablo' Landrum|Richie Pablo Landrum|Richard Landrum
Richard Aplanalp|Richard Aplan
Rique Pantoja Leite|Rique Pantoja
Robert "Bob Babbitt" Kreiner|Bob Babbitt
Robert Bobby Donaldson|Bobby Donaldson
Robert "Buddy" Woodson|Buddy Woodson
Roberto Vizcaíno|Roberto Vizcaino Guillot|Roberto Vizcaino
Roger King Mozian|Roger "King" Mozian
Roger "Ram" Ramirez|Roger 'Ram' Ramirez|Roger Ram Ramirez|Ram Ramirez
Sir Roland Hanna|Roland Hanna|Rolland Hanna
Roland Kirk|Rahsaan Roland Kirk|Rahsaan
Ronnie Boykins|Ronald Boykins|Boykins
Rosie Wallace|Rosie Wallace And The First Church Of Love
Russ Garcia|Russ Garcia Orchestra
Rusty Locke|"Rusty" Locke
Sabu Martinez|"Sabu" Martinez
Santi DeBriano|Santi Debriano
Sam Jones|Samuel Jones
Samie "Sticks" Evans|Sticks Evans
Sharon Freeman|Ahnee Sharon Freeman
Shorty Baker|Harold Baker
Sir John Godfrey|John Godfrey
Sir Mack Rice|Mack Rice
Spanky DeBrest|"Spanky" DeBrest|"Spansky" DeBrest
Steve Khan|Mr. Steve Khan
St. Louis Jimmy Oden|St. Louis Jimmy
"Stix" Hooper|'Stix' Hooper|Sticks Hooper|"Sticks" Hooper|Stix Hooper|Nesbert "Stix" Hooper|Nesbert Hooper
Symphony Sid Torin|"Symphony Sid" Torin|Symphony Sid
Taps Miller|"Taps" Miller
Tiffany Yi Hu|Yi Hu
Tiny "Bam" Brown|Bam Brown
Tricky Lofton|"Tricky" Lofton
Toshiko Akiyoshi|Toshiko Akiyoshi Mariano|Toshiko Mariano
Victor See-Yuen|Victor See Yuen
Walter "Phatz" Morris|Phatz Morris
Yosvany Terry|Yosvany Terry Cabrera
Yuri Vodovoz|Uri Vodovoz
